{
    "uid": "0e319fa0-c233-4c8e-b9f4-7bee2ccc6732",
    "name": "1_Baseline",
    "preprocessing": [
        {
            "ml_task": "binary_classification",
            "params": {
                "columns_preprocessing": {},
                "target_preprocessing": [
                    "na_exclude"
                ],
                "ml_task": "binary_classification"
            }
        }
    ],
    "learners": [
        {
            "library_version": "1.0.2",
            "algorithm_name": "Baseline Classifier",
            "algorithm_short_name": "Baseline",
            "uid": "0137cd5b-c199-453a-8c44-f133a8851cf2",
            "params": {
                "model_type": "Baseline",
                "ml_task": "binary_classification",
                "n_jobs": -1,
                "seed": 1235,
                "explain_level": 2
            },
            "name": "learner_fold_0"
        }
    ],
    "params": {
        "additional": {
            "max_steps": 1,
            "max_rows_limit": null,
            "max_cols_limit": null
        },
        "preprocessing": {
            "columns_preprocessing": {},
            "target_preprocessing": [
                "na_exclude"
            ],
            "ml_task": "binary_classification"
        },
        "validation_strategy": {
            "validation_type": "split",
            "train_ratio": 0.75,
            "shuffle": true,
            "stratify": true,
            "X_path": "AutoML_1/X.data",
            "y_path": "AutoML_1/y.data",
            "results_path": "AutoML_1"
        },
        "learner": {
            "model_type": "Baseline",
            "ml_task": "binary_classification",
            "n_jobs": -1,
            "seed": 1235,
            "explain_level": 2
        },
        "automl_random_state": 1234,
        "ml_task": "binary_classification",
        "explain_level": 2,
        "name": "1_Baseline",
        "status": "initialized",
        "final_loss": null,
        "train_time": null,
        "data_type": "original",
        "max_time_for_learner": 60
    },
    "saved": [
        "1_Baseline/learner_fold_0.baseline"
    ],
    "predictions_fname": "1_Baseline/predictions_validation.csv",
    "metric_name": "logloss",
    "final_loss": 0.04967311171407927,
    "train_time": 0.35431432723999023,
    "is_stacked": false,
    "threshold": 0.007780979827089338
}