{
    "uid": "c1c9008c-c1ee-4ec2-9f38-5d047fa8ad66",
    "name": "2_DecisionTree",
    "preprocessing": [
        {
            "ml_task": "binary_classification",
            "params": {
                "columns_preprocessing": {},
                "target_preprocessing": [
                    "na_exclude"
                ],
                "ml_task": "binary_classification"
            }
        }
    ],
    "learners": [
        {
            "library_version": "1.0.2",
            "algorithm_name": "Decision Tree",
            "algorithm_short_name": "Decision Tree",
            "uid": "4f6d66ee-7019-4e18-a9e2-f7e4f6142d07",
            "params": {
                "model_type": "Decision Tree",
                "ml_task": "binary_classification",
                "n_jobs": -1,
                "seed": 1235,
                "criterion": "gini",
                "max_depth": 3,
                "explain_level": 2
            },
            "name": "learner_fold_0"
        }
    ],
    "params": {
        "additional": {
            "trees_in_step": 1,
            "train_cant_improve_limit": 0,
            "max_steps": 1,
            "max_rows_limit": null,
            "max_cols_limit": null
        },
        "preprocessing": {
            "columns_preprocessing": {},
            "target_preprocessing": [
                "na_exclude"
            ],
            "ml_task": "binary_classification"
        },
        "validation_strategy": {
            "validation_type": "split",
            "train_ratio": 0.75,
            "shuffle": true,
            "stratify": true,
            "X_path": "AutoML_1/X.data",
            "y_path": "AutoML_1/y.data",
            "results_path": "AutoML_1"
        },
        "learner": {
            "model_type": "Decision Tree",
            "ml_task": "binary_classification",
            "n_jobs": -1,
            "seed": 1235,
            "criterion": "gini",
            "max_depth": 3,
            "explain_level": 2
        },
        "automl_random_state": 1234,
        "ml_task": "binary_classification",
        "explain_level": 2,
        "name": "2_DecisionTree",
        "status": "initialized",
        "final_loss": null,
        "train_time": null,
        "data_type": "original",
        "max_time_for_learner": 60
    },
    "saved": [
        "2_DecisionTree/learner_fold_0.decision_tree"
    ],
    "predictions_fname": "2_DecisionTree/predictions_validation.csv",
    "metric_name": "logloss",
    "final_loss": 0.02728581929822595,
    "train_time": 8.704987049102783,
    "is_stacked": false,
    "threshold": 0.0024114264514932295
}