{
    "fit_level": "finished",
    "time_controller": {
        "total_time_limit": 10,
        "model_time_limit": null,
        "steps": [
            "simple_algorithms",
            "default_algorithms",
            "ensemble"
        ],
        "algorithms": [
            "Baseline",
            "Decision Tree",
            "Random Forest",
            "Xgboost",
            "Neural Network"
        ],
        "spend": [
            {
                "model_name": "prepare_data",
                "model_type": "prepare_data",
                "fit_level": "prepare_data",
                "train_time": 0.013634204864501953
            },
            {
                "model_name": "1_Baseline",
                "model_type": "Baseline",
                "fit_level": "simple_algorithms",
                "train_time": 0.35431432723999023
            },
            {
                "model_name": "2_DecisionTree",
                "model_type": "Decision Tree",
                "fit_level": "simple_algorithms",
                "train_time": 8.704987049102783
            },
            {
                "model_name": "Ensemble",
                "model_type": "Ensemble",
                "fit_level": "ensemble",
                "train_time": 1.1645050048828125
            }
        ],
        "is_hill_climbing": false,
        "is_stacking": false
    },
    "all_params": {
        "simple_algorithms": [
            {
                "additional": {
                    "max_steps": 1,
                    "max_rows_limit": null,
                    "max_cols_limit": null
                },
                "preprocessing": {
                    "columns_preprocessing": {},
                    "target_preprocessing": [
                        "na_exclude"
                    ],
                    "ml_task": "binary_classification"
                },
                "validation_strategy": {
                    "validation_type": "split",
                    "train_ratio": 0.75,
                    "shuffle": true,
                    "stratify": true,
                    "X_path": "AutoML_1/X.data",
                    "y_path": "AutoML_1/y.data",
                    "results_path": "AutoML_1"
                },
                "learner": {
                    "model_type": "Baseline",
                    "ml_task": "binary_classification",
                    "n_jobs": -1,
                    "seed": 1235,
                    "explain_level": 2
                },
                "automl_random_state": 1234,
                "ml_task": "binary_classification",
                "explain_level": 2,
                "name": "1_Baseline",
                "status": "trained",
                "final_loss": 0.04967311171407927,
                "train_time": 2.0356173515319824,
                "data_type": "original",
                "max_time_for_learner": 60
            },
            {
                "additional": {
                    "trees_in_step": 1,
                    "train_cant_improve_limit": 0,
                    "max_steps": 1,
                    "max_rows_limit": null,
                    "max_cols_limit": null
                },
                "preprocessing": {
                    "columns_preprocessing": {},
                    "target_preprocessing": [
                        "na_exclude"
                    ],
                    "ml_task": "binary_classification"
                },
                "validation_strategy": {
                    "validation_type": "split",
                    "train_ratio": 0.75,
                    "shuffle": true,
                    "stratify": true,
                    "X_path": "AutoML_1/X.data",
                    "y_path": "AutoML_1/y.data",
                    "results_path": "AutoML_1"
                },
                "learner": {
                    "model_type": "Decision Tree",
                    "ml_task": "binary_classification",
                    "n_jobs": -1,
                    "seed": 1235,
                    "criterion": "gini",
                    "max_depth": 3,
                    "explain_level": 2
                },
                "automl_random_state": 1234,
                "ml_task": "binary_classification",
                "explain_level": 2,
                "name": "2_DecisionTree",
                "status": "trained",
                "final_loss": 0.02728581929822595,
                "train_time": 10.659171342849731,
                "data_type": "original",
                "max_time_for_learner": 60
            }
        ],
        "ensemble": [
            {
                "model_type": "ensemble",
                "is_stacked": false,
                "name": "Ensemble",
                "status": "trained",
                "final_loss": 0.02728581929822595,
                "train_time": 1.1645050048828125
            }
        ]
    },
    "adjust_validation": false
}